SMILES,title,i_i_glide_lignum,docking_status,r_glide_cpu_time,r_i_docking_score,s_i_glide_gridfile,r_glide_XP_ClBr,r_glide_XP_Electro,r_glide_XP_GScore,r_glide_XP_HBond,i_glide_XP_impact_version,r_glide_XP_LipophilicEvdW,r_glide_XP_LowMW,r_glide_XP_Penalties,r_glide_XP_HBPenal,r_glide_XP_ExposPenal,r_glide_XP_RotPenal,r_glide_XP_PhobEn,r_glide_XP_PhobEnHB,r_glide_XP_PhobEnPairHB,r_glide_XP_PiCat,r_glide_XP_PiStack,i_glide_XP_PoseRank,r_glide_XP_Sitemap,r_glide_XP_Zpotr,r_i_glide_gscore,r_i_glide_evdw,r_i_glide_ecoul,r_i_glide_energy,r_i_glide_einternal,r_i_glide_emodel
COc1cc2ncnc(Nc3ccc(F)c(Cl)c3)c2cc1OCCCN1CCOCC1,"IRE - gefitinib",1,Done,64.6,-9.63841,"glide-grid_3",,,-9.83471,-0.627561,,,,,,,,,,,,,1,,,-9.83471,-52.193,-5.6423,-57.8353,9.81231,-89.2006
COc1cc2ncnc(Nc3ccc(F)c(Cl)c3)c2cc1OCCCN1CCOCC1,"IRE - gefitinib",1,Done,64.61,-9.47529,"glide-grid_3",,,-9.67159,-0.627561,,,,,,,,,,,,,2,,,-9.67159,-55.3621,-4.56326,-59.9254,11.6206,-88.0218
COc1cc2ncnc(Nc3ccc(F)c(Cl)c3)c2cc1OCCCN1CCOCC1,"IRE - gefitinib",1,Done,64.61,-8.39412,"glide-grid_3",,,-8.59042,-0.627561,,,,,,,,,,,,,3,,,-8.59042,-55.9177,-4.611,-60.5287,6.20358,-93.5152
COc1cc2ncnc(Nc3ccc(F)c(Cl)c3)c2cc1OCCCN1CCOCC1,"IRE - gefitinib",1,Done,64.61,-8.03189,"glide-grid_3",,,-8.22819,-0.627561,,,,,,,,,,,,,4,,,-8.22819,-54.9119,-2.07793,-56.9899,6.64844,-87.5737
COc1cc2ncnc(Nc3ccc(F)c(Cl)c3)c2cc1OCCC[NH+]1CCOCC1,"IRE - gefitinib",2,Done,73.44,-9.08627,"glide-grid_3",,,-9.83627,-1.10827,,,,,,,,,,,,,1,,,-9.83627,-51.4435,-8.49514,-59.9386,3.72345,-92.2454
COc1cc2ncnc(Nc3ccc(F)c(Cl)c3)c2cc1OCCC[NH+]1CCOCC1,"IRE - gefitinib",2,Done,73.44,-8.88721,"glide-grid_3",,,-9.63721,-1.10827,,,,,,,,,,,,,2,,,-9.63721,-47.8311,-8.36281,-56.1939,5.60585,-89.2973
COc1cc2ncnc(Nc3ccc(F)c(Cl)c3)c2cc1OCCC[NH+]1CCOCC1,"IRE - gefitinib",2,Done,73.44,-8.88638,"glide-grid_3",,,-9.63638,-1.10827,,,,,,,,,,,,,3,,,-9.63638,-55.5496,-6.63304,-62.1826,13.9649,-94.753
COc1cc2ncnc(Nc3ccc(F)c(Cl)c3)c2cc1OCCC[NH+]1CCOCC1,"IRE - gefitinib",2,Done,73.44,-8.47503,"glide-grid_3",,,-9.22503,-1.10827,,,,,,,,,,,,,4,,,-9.22503,-49.9483,-6.72263,-56.6709,7.85188,-89.8367
COc1cc2ncnc(Nc3ccc(F)c(Cl)c3)c2cc1OCCC[NH+]1CCOCC1,"IRE - gefitinib",2,Done,73.44,-8.42827,"glide-grid_3",,,-9.17827,-1.10827,,,,,,,,,,,,,5,,,-9.17827,-51.2181,-8.05805,-59.2762,4.89179,-91.6556
