SMILES,title,i_i_glide_lignum,docking_status,r_glide_cpu_time,r_i_docking_score,s_i_glide_gridfile,r_glide_XP_ClBr,r_glide_XP_Electro,r_glide_XP_GScore,r_glide_XP_HBond,i_glide_XP_impact_version,r_glide_XP_LipophilicEvdW,r_glide_XP_LowMW,r_glide_XP_Penalties,r_glide_XP_HBPenal,r_glide_XP_ExposPenal,r_glide_XP_RotPenal,r_glide_XP_PhobEn,r_glide_XP_PhobEnHB,r_glide_XP_PhobEnPairHB,r_glide_XP_PiCat,r_glide_XP_PiStack,i_glide_XP_PoseRank,r_glide_XP_Sitemap,r_glide_XP_Zpotr,r_i_glide_gscore,r_i_glide_evdw,r_i_glide_ecoul,r_i_glide_energy,r_i_glide_einternal,r_i_glide_emodel
COc1cc2c(Nc3ccc(Br)cc3F)ncnc2cc1OCC1CC[NH+](C)CC1,"ZD6",1,Done,48.54,-8.7116,"glide-grid_3",,,-8.7116,0,,,,,,,,,,,,,1,,,-8.7116,-52.5201,-5.188,-57.7081,7.80659,-81.9122
COc1cc2c(Nc3ccc(Br)cc3F)ncnc2cc1OCC1CC[NH+](C)CC1,"ZD6",1,Done,48.54,-8.58204,"glide-grid_3",,,-8.58204,0,,,,,,,,,,,,,2,,,-8.58204,-52.0395,-4.22048,-56.26,11.9467,-80.5978
COc1cc2c(Nc3ccc(Br)cc3F)ncnc2cc1OCC1CC[NH+](C)CC1,"ZD6",1,Done,48.54,-8.14649,"glide-grid_3",,,-8.14649,0,,,,,,,,,,,,,3,,,-8.14649,-52.4282,-2.20675,-54.635,3.77901,-83.2333
COc1cc2c(Nc3ccc(Br)cc3F)ncnc2cc1OCC1CC[NH+](C)CC1,"ZD6",1,Done,48.54,-8.06155,"glide-grid_3",,,-8.06155,0,,,,,,,,,,,,,4,,,-8.06155,-53.3209,-4.86509,-58.186,10.2947,-80.3854
COc1cc2c(Nc3ccc(Br)cc3F)ncnc2cc1OCC1CC[NH+](C)CC1,"ZD6",1,Done,48.54,-4.43883,"glide-grid_3",,,-4.43883,0,,,,,,,,,,,,,5,,,-4.43883,-56.9048,-1.91833,-58.8231,10.6943,-80.233
