SMILES,title,i_i_glide_lignum,docking_status,r_glide_cpu_time,r_i_docking_score,s_i_glide_gridfile,r_i_glide_gscore,r_i_glide_lipo,r_i_glide_hbond,r_i_glide_metal,r_i_glide_rewards,r_i_glide_evdw,r_i_glide_ecoul,r_i_glide_erotb,r_i_glide_esite,r_i_glide_emodel,r_i_glide_energy,r_i_glide_einternal
C#Cc1cccc(Nc2ncnc3cc(OCCOC)c(OCCOC)cc23)c1,"AQ4 - Erlotinib",1,Done,7.77,-7.64887,"glide-grid_3",-7.64887,-3.6781,-0.330601,-0,-1.14034,-56.4945,-5.40604,1.13581,0,-85.6802,-61.9006,10.1134
C#Cc1cccc(Nc2ncnc3cc(OCCOC)c(OCCOC)cc23)c1,"AQ4 - Erlotinib",1,Done,7.77,-7.47343,"glide-grid_3",-7.47343,-3.77601,-0.347208,-0,-1.07923,-55.8803,-4.08512,1.13581,0,-83.5253,-59.9655,9.23016
C#Cc1cccc(Nc2ncnc3cc(OCCOC)c(OCCOC)cc23)c1,"AQ4 - Erlotinib",1,Done,7.77,-7.65474,"glide-grid_3",-7.65474,-4.39289,0,-0,-1.08887,-58.0435,-2.71076,1.13581,0,-83.5078,-60.7543,12.2099
C#Cc1cccc(Nc2ncnc3cc(OCCOC)c(OCCOC)cc23)c1,"AQ4 - Erlotinib",1,Done,7.78,-7.07565,"glide-grid_3",-7.07565,-3.70433,0,-0,-1.13598,-58.7057,-2.90574,1.13581,0,-83.162,-61.6115,10.2496
C#Cc1cccc(Nc2ncnc3cc(OCCOC)c(OCCOC)cc23)c1,"AQ4 - Erlotinib",1,Done,7.78,-6.6304,"glide-grid_3",-6.6304,-2.82799,-0.183496,-0,-1.17657,-54.8263,-5.57891,1.13581,0,-82.4328,-60.4052,5.93813
