SMILES,title,i_i_glide_lignum,docking_status,r_glide_cpu_time,r_i_docking_score,s_i_glide_gridfile,r_glide_XP_ClBr,r_glide_XP_Electro,r_glide_XP_GScore,r_glide_XP_HBond,i_glide_XP_impact_version,r_glide_XP_LipophilicEvdW,r_glide_XP_LowMW,r_glide_XP_Penalties,r_glide_XP_HBPenal,r_glide_XP_ExposPenal,r_glide_XP_RotPenal,r_glide_XP_PhobEn,r_glide_XP_PhobEnHB,r_glide_XP_PhobEnPairHB,r_glide_XP_PiCat,r_glide_XP_PiStack,i_glide_XP_PoseRank,r_glide_XP_Sitemap,r_glide_XP_Zpotr,r_i_glide_gscore,r_i_glide_evdw,r_i_glide_ecoul,r_i_glide_energy,r_i_glide_einternal,r_i_glide_emodel
C#Cc1cccc(Nc2ncnc3cc(OCCOC)c(OCCOC)cc23)c1,"AQ4 - Erlotinib",1,Done,72.11,-10.3017,"glide-grid_3",,,-10.3017,-0.952504,,,,,,,,,,,,,1,,,-10.3017,-54.9007,-3.72597,-58.6267,3.51099,-91.0321
C#Cc1cccc(Nc2ncnc3cc(OCCOC)c(OCCOC)cc23)c1,"AQ4 - Erlotinib",1,Done,72.11,-8.9266,"glide-grid_3",,,-8.9266,-0.952504,,,,,,,,,,,,,2,,,-8.9266,-57.8818,-2.75804,-60.6399,2.93538,-87.9063
C#Cc1cccc(Nc2ncnc3cc(OCCOC)c(OCCOC)cc23)c1,"AQ4 - Erlotinib",1,Done,72.12,-8.35267,"glide-grid_3",,,-8.35267,-0.952504,,,,,,,,,,,,,3,,,-8.35267,-55.1105,-3.87679,-58.9873,10.9042,-86.1556
C#Cc1cccc(Nc2ncnc3cc(OCCOC)c(OCCOC)cc23)c1,"AQ4 - Erlotinib",1,Done,72.12,-8.13547,"glide-grid_3",,,-8.13547,-0.952504,,,,,,,,,,,,,4,,,-8.13547,-58.2586,-3.77407,-62.0327,10.5173,-85.4808
C#Cc1cccc(Nc2ncnc3cc(OCCOC)c(OCCOC)cc23)c1,"AQ4 - Erlotinib",1,Done,72.12,-7.80615,"glide-grid_3",,,-7.80615,-0.952504,,,,,,,,,,,,,5,,,-7.80615,-57.6995,-3.58961,-61.2891,10.6286,-88.1016
