SMILES,title,i_i_glide_lignum,docking_status,r_glide_cpu_time,r_i_docking_score,s_i_glide_gridfile,r_i_glide_gscore,r_i_glide_lipo,r_i_glide_hbond,r_i_glide_metal,r_i_glide_rewards,r_i_glide_evdw,r_i_glide_ecoul,r_i_glide_erotb,r_i_glide_esite,r_i_glide_emodel,r_i_glide_energy,r_i_glide_einternal
COc1cc2c(Nc3ccc(Br)cc3F)ncnc2cc1OCC1CC[NH+](C)CC1,"ZD6",1,Done,6.2,-6.74858,"glide-grid_3",-6.74858,-3.92175,-0.047967,-0,-0.459329,-47.0821,-2.51334,0.446174,-0.0345964,-72.4882,-49.5955,1.80656
COc1cc2c(Nc3ccc(Br)cc3F)ncnc2cc1OCC1CC[NH+](C)CC1,"ZD6",1,Done,6.2,-6.78213,"glide-grid_3",-6.78213,-3.60704,0,-0,-0.766434,-47.4064,-3.23006,0.446174,0,-71.8524,-50.6364,5.39676
COc1cc2c(Nc3ccc(Br)cc3F)ncnc2cc1OCC1CC[NH+](C)CC1,"ZD6",1,Done,6.2,-6.91505,"glide-grid_3",-6.91505,-4.02977,-0.0947804,-0,-0.361984,-46.12,-3.42018,0.446174,-0.0556584,-71.5943,-49.5402,4.65772
COc1cc2c(Nc3ccc(Br)cc3F)ncnc2cc1OCC1CC[NH+](C)CC1,"ZD6",1,Done,6.21,-7.28857,"glide-grid_3",-7.28857,-4.3789,0,-0,-0.711491,-49.7096,-1.05913,0.446174,0,-71.4791,-50.7687,9.97942
COc1cc2c(Nc3ccc(Br)cc3F)ncnc2cc1OCC1CC[NH+](C)CC1,"ZD6",1,Done,6.21,-6.62594,"glide-grid_3",-6.62594,-3.33455,0,-0,-0.899123,-46.695,-3.26133,0.446174,-0.0144983,-71.2925,-49.9563,4.05489
