SMILES,title,i_i_glide_lignum,docking_status,r_glide_cpu_time,r_i_docking_score,s_i_glide_gridfile,r_i_glide_gscore,r_i_glide_lipo,r_i_glide_hbond,r_i_glide_metal,r_i_glide_rewards,r_i_glide_evdw,r_i_glide_ecoul,r_i_glide_erotb,r_i_glide_esite,r_i_glide_emodel,r_i_glide_energy,r_i_glide_einternal
COc1cc2ncnc(Nc3ccc(F)c(Cl)c3)c2cc1OCCC[NH+]1CCOCC1,"IRE - gefitinib",1,Done,6.54,-8.93452,"glide-grid_3",-9.68452,-3.91179,-0.48288,-0,-1.92175,-51.4417,-8.63339,0.598987,-0.1,-94.5265,-60.0751,9.24762
COc1cc2ncnc(Nc3ccc(F)c(Cl)c3)c2cc1OCCC[NH+]1CCOCC1,"IRE - gefitinib",1,Done,6.54,-8.69568,"glide-grid_3",-9.44568,-3.85083,-0.434086,-0,-1.92376,-52.1085,-7.61167,0.598987,-0.0888113,-94.1577,-59.7202,7.34827
COc1cc2ncnc(Nc3ccc(F)c(Cl)c3)c2cc1OCCC[NH+]1CCOCC1,"IRE - gefitinib",1,Done,6.55,-8.70584,"glide-grid_3",-9.45584,-3.91891,-0.420585,-0,-1.91407,-55.6465,-6.55493,0.598987,-0.0357049,-93.3672,-62.2014,13.9737
COc1cc2ncnc(Nc3ccc(F)c(Cl)c3)c2cc1OCCC[NH+]1CCOCC1,"IRE - gefitinib",1,Done,6.55,-9.05542,"glide-grid_3",-9.80542,-4.05006,-0.444529,-0,-2.00516,-55.009,-7.44907,0.598987,-0.0368446,-93.169,-62.458,17.7041
COc1cc2ncnc(Nc3ccc(F)c(Cl)c3)c2cc1OCCCN1CCOCC1,"IRE - gefitinib",2,Done,5.51,-9.03127,"glide-grid_3",-9.22757,-4.00232,-0.42112,-0,-1.91152,-56.3522,-4.5096,0.601444,0,-91.5693,-60.8618,6.24456
COc1cc2ncnc(Nc3ccc(F)c(Cl)c3)c2cc1OCCCN1CCOCC1,"IRE - gefitinib",2,Done,5.51,-9.41187,"glide-grid_3",-9.60817,-4.6181,-0.220898,-0,-1.92733,-55.2506,-4.53835,0.601444,0,-89.0541,-59.789,11.9201
COc1cc2ncnc(Nc3ccc(F)c(Cl)c3)c2cc1OCCCN1CCOCC1,"IRE - gefitinib",2,Done,5.51,-7.81795,"glide-grid_3",-8.01425,-3.84109,-0.131666,-0,-1.41007,-53.693,-3.65482,0.601444,0,-84.5528,-57.3478,4.3532
COc1cc2ncnc(Nc3ccc(F)c(Cl)c3)c2cc1OCCCN1CCOCC1,"IRE - gefitinib",2,Done,5.51,-8.33581,"glide-grid_3",-8.53211,-3.9641,0,-0,-2.01203,-55.1757,-2.6576,0.601444,0,-83.3885,-57.8333,11.4501
COc1cc2ncnc(Nc3ccc(F)c(Cl)c3)c2cc1OCCCN1CCOCC1,"IRE - gefitinib",2,Done,5.52,-5.64574,"glide-grid_3",-5.84204,-2.74068,-0.16,-0,-0.544179,-54.4403,-1.84411,0.601444,0,-73.4308,-56.2844,8.54304
