SMILES,title,i_i_glide_lignum,docking_status,r_glide_cpu_time,r_i_docking_score,s_i_glide_gridfile,r_glide_XP_ClBr,r_glide_XP_Electro,r_glide_XP_GScore,r_glide_XP_HBond,i_glide_XP_impact_version,r_glide_XP_LipophilicEvdW,r_glide_XP_LowMW,r_glide_XP_Penalties,r_glide_XP_HBPenal,r_glide_XP_ExposPenal,r_glide_XP_RotPenal,r_glide_XP_PhobEn,r_glide_XP_PhobEnHB,r_glide_XP_PhobEnPairHB,r_glide_XP_PiCat,r_glide_XP_PiStack,i_glide_XP_PoseRank,r_glide_XP_Sitemap,r_glide_XP_Zpotr,r_i_glide_gscore,r_i_glide_evdw,r_i_glide_ecoul,r_i_glide_energy,r_i_glide_einternal,r_i_glide_emodel
C[NH+](C)CCCC(=O)Nc1cc2c(Nc3ccc(F)c(Cl)c3)ncnc2cc1O[C@H]1CCOC1,"0WN",1,Done,177.71,-9.48363,"glide-grid_3",,,-9.48663,-0.9,,,,,,,,,,,,,1,,,-9.48663,-64.8062,-8.87511,-73.6813,23.107,-79.1082
C[NH+](C)CCCC(=O)Nc1cc2c(Nc3ccc(F)c(Cl)c3)ncnc2cc1O[C@H]1CCOC1,"0WN",1,Done,177.72,-7.4208,"glide-grid_3",,,-7.4238,-0.9,,,,,,,,,,,,,2,,,-7.4238,-55.9767,-7.28142,-63.2581,10.8126,-79.3869
C[NH+](C)CCCC(=O)Nc1cc2c(Nc3ccc(F)c(Cl)c3)ncnc2cc1O[C@H]1CCOC1,"0WN",1,Done,177.72,-6.6545,"glide-grid_3",,,-6.6575,-0.9,,,,,,,,,,,,,3,,,-6.6575,-58.5698,-5.5121,-64.0819,15.3965,-88.9276
C[NH+](C)CCCC(=O)Nc1cc2c(Nc3ccc(F)c(Cl)c3)ncnc2cc1O[C@H]1CCOC1,"0WN",1,Done,177.72,-6.27184,"glide-grid_3",,,-6.27484,-0.9,,,,,,,,,,,,,4,,,-6.27484,-65.1639,-5.17341,-70.3373,22.5589,-79.4573
C[NH+](C)CCCC(=O)Nc1cc2c(Nc3ccc(F)c(Cl)c3)ncnc2cc1O[C@H]1CCOC1,"0WN",1,Done,177.73,-6.18735,"glide-grid_3",,,-6.19035,-0.9,,,,,,,,,,,,,5,,,-6.19035,-64.6422,-7.89542,-72.5376,27.8316,-77.9176
