SMILES,title,i_i_glide_lignum,docking_status,r_glide_cpu_time,r_i_docking_score,s_i_glide_gridfile,r_glide_XP_ClBr,r_glide_XP_Electro,r_glide_XP_GScore,r_glide_XP_HBond,i_glide_XP_impact_version,r_glide_XP_LipophilicEvdW,r_glide_XP_LowMW,r_glide_XP_Penalties,r_glide_XP_HBPenal,r_glide_XP_ExposPenal,r_glide_XP_RotPenal,r_glide_XP_PhobEn,r_glide_XP_PhobEnHB,r_glide_XP_PhobEnPairHB,r_glide_XP_PiCat,r_glide_XP_PiStack,i_glide_XP_PoseRank,r_glide_XP_Sitemap,r_glide_XP_Zpotr,r_i_glide_gscore,r_i_glide_evdw,r_i_glide_ecoul,r_i_glide_energy,r_i_glide_einternal,r_i_glide_emodel
COc1cc2c(Nc3ccc(Br)cc3F)ncnc2cc1OCC1CC[NH+](C)CC1,"ZD6",1,Done,47.86,-5.75082,"glide-grid_3",,,-5.75082,0,,,,,,,,,,,,,1,,,-5.75082,-47.686,-3.27938,-50.9654,3.75862,-69.8788
COc1cc2c(Nc3ccc(Br)cc3F)ncnc2cc1OCC1CC[NH+](C)CC1,"ZD6",1,Done,47.86,-4.47486,"glide-grid_3",,,-4.47486,0,,,,,,,,,,,,,2,,,-4.47486,-49.8944,-3.08283,-52.9772,6.52189,-71.0883
COc1cc2c(Nc3ccc(Br)cc3F)ncnc2cc1OCC1CC[NH+](C)CC1,"ZD6",1,Done,47.86,-4.1573,"glide-grid_3",,,-4.1573,0,,,,,,,,,,,,,3,,,-4.1573,-53.049,-1.61637,-54.6653,7.29352,-71.3879
COc1cc2c(Nc3ccc(Br)cc3F)ncnc2cc1OCC1CC[NH+](C)CC1,"ZD6",1,Done,47.86,-4.0532,"glide-grid_3",,,-4.0532,0,,,,,,,,,,,,,4,,,-4.0532,-52.1697,-2.49353,-54.6632,7.42931,-75.0541
COc1cc2c(Nc3ccc(Br)cc3F)ncnc2cc1OCC1CC[NH+](C)CC1,"ZD6",1,Done,47.86,-3.85967,"glide-grid_3",,,-3.85967,0,,,,,,,,,,,,,5,,,-3.85967,-51.3685,-1.16858,-52.5371,4.05022,-69.4931
