SMILES,title,i_i_glide_lignum,docking_status,r_glide_cpu_time,r_i_docking_score,s_i_glide_gridfile,r_i_glide_gscore,r_i_glide_lipo,r_i_glide_hbond,r_i_glide_metal,r_i_glide_rewards,r_i_glide_evdw,r_i_glide_ecoul,r_i_glide_erotb,r_i_glide_esite,r_i_glide_emodel,r_i_glide_energy,r_i_glide_einternal
C[NH+](C)CCCC(=O)Nc1cc2c(Nc3ccc(F)c(Cl)c3)ncnc2cc1O[C@H]1CCOC1,"0WN",1,Done,14.93,-8.02158,"glide-grid_3",-8.02458,-3.85239,-0.2,-0,-0.963364,-54.5359,-6.31808,0.765678,-0.1,-88.4688,-60.854,12.3108
C[NH+](C)CCCC(=O)Nc1cc2c(Nc3ccc(F)c(Cl)c3)ncnc2cc1O[C@H]1CCOC1,"0WN",1,Done,14.94,-7.46535,"glide-grid_3",-7.46835,-3.45652,-0.343646,-0,-0.917275,-57.2682,-3.68785,0.765678,-0.1,-86.875,-60.9561,10.9834
C[NH+](C)CCCC(=O)Nc1cc2c(Nc3ccc(F)c(Cl)c3)ncnc2cc1O[C@H]1CCOC1,"0WN",1,Done,14.94,-7.24523,"glide-grid_3",-7.24823,-3.47122,-0.2,-0,-0.88487,-57.7187,-3.14589,0.765678,-0.1,-86.5728,-60.8646,9.42745
C[NH+](C)CCCC(=O)Nc1cc2c(Nc3ccc(F)c(Cl)c3)ncnc2cc1O[C@H]1CCOC1,"0WN",1,Done,14.94,-7.411,"glide-grid_3",-7.414,-3.46403,-0.2,-0,-0.926636,-55.7547,-4.67515,0.765678,-0.1,-86.426,-60.4299,10.4015
C[NH+](C)CCCC(=O)Nc1cc2c(Nc3ccc(F)c(Cl)c3)ncnc2cc1O[C@H]1CCOC1,"0WN",1,Done,14.95,-7.10831,"glide-grid_3",-7.11131,-3.3483,-0.2,-0,-0.879635,-54.7949,-4.06207,0.765678,-0.1,-82.631,-58.8569,12.2727
